beta1_values,term,estimate,p.value
0,x,10.501788950248237,0.2937761096998613
0,x,-10.089590018479218,0.450482570890667
0,x,-3.5041509437346163,0.7311528731694756
0,x,15.225613386760077,0.05954471491466254
0,x,11.783606281315391,0.2876017658011344
0,x,9.398457697526554,0.3303025414783156
0,x,20.4162195528056,0.053699774946097054
0,x,-1.919505332039348,0.8328314173505597
0,x,-1.6365685222337352,0.8542727469707215
0,x,-9.099072412385215,0.280681548148008
0,x,12.236333543424262,0.20344009159053464
0,x,7.4994137752413925,0.31924981914734823
0,x,3.96408855788672,0.6755170689701246
0,x,-4.85854549084263,0.5665118322447475
0,x,-9.608355258607734,0.31555378197569095
0,x,6.054177772895131,0.4603451138038134
0,x,-3.0366537436453074,0.7510500735100427
0,x,-10.020453211804671,0.2863320156917606
0,x,-20.602293595334608,0.03158667606351941
0,x,20.368299917018927,0.017427632948948054
0,x,0.35700616168225013,0.9693199284606309
0,x,-5.50712295960213,0.5178248547072624
0,x,-14.49269795998586,0.049394609772622784
0,x,-2.936217503671038,0.7638454489877585
0,x,3.841530054266856,0.6667936718582326
0,x,0.6042703069351192,0.9266841976539797
0,x,1.9344798752987167,0.8506196588804154
0,x,7.210765828624241,0.471853841502873
0,x,-6.572382910507454,0.4275847444883176
0,x,13.188965802435373,0.11647006610144822
0,x,9.505652460265901,0.2953132285803814
0,x,1.4103181537893032e-4,0.999990207076664
0,x,-14.750879026556534,0.14566344639481293
0,x,12.966041897121599,0.3251963191976448
0,x,3.0632618487755514,0.7324294033082636
0,x,-2.039709513164451,0.8300139462494867
0,x,-4.6793616966154525,0.6384855507694689
0,x,0.8597043030416128,0.9388284611065746
0,x,3.623926252248376,0.7598676019324718
0,x,10.13625856642356,0.3089124188300837
0,x,-4.148776298447302,0.6454617578131542
0,x,0.18405213116894092,0.9867769703269488
0,x,-0.6965510843398768,0.9297771514121874
0,x,-16.29241328683318,0.23832129533178759
0,x,3.8165263728278345,0.578297593766484
0,x,-11.675691216566381,0.10535491438226918
0,x,-1.1897112152629594,0.8940170165056357
0,x,14.433292727837216,0.060876496663196916
0,x,28.06729402748489,0.06662901501765375
0,x,4.012624412058874,0.7465765263332067
0,x,-5.679748917295597,0.5381173550669841
0,x,3.451005608786282,0.7399818221073351
0,x,7.848931874286326,0.27431444114688774
0,x,8.721838122828904,0.5292132364615127
0,x,-1.0946849204336555,0.8972007554716411
0,x,8.195103612768124,0.3381943856965297
0,x,9.441920270934142,0.13384281011373778
0,x,1.8412847174102036,0.8372449531498566
0,x,-19.26359014360556,0.02856886053373846
0,x,-4.993024638334083,0.6496791112267879
0,x,12.461106833011788,0.23316529569584796
0,x,-4.153704841313137,0.6845588578045865
0,x,0.3824203766313039,0.9611622692660318
0,x,-2.8747144569803105,0.6939727707791319
0,x,6.29148586521071,0.3393996598151099
0,x,0.5372006463128607,0.9494145631580104
0,x,-4.6072379567408435,0.6853407777457214
0,x,-7.5570347545073915,0.4753972506330123
0,x,-10.625031448687865,0.23893688748089414
0,x,21.800672163027276,0.09180386988622061
0,x,4.6712022484343745,0.5991648271744319
0,x,11.322342625354025,0.1515252658762489
0,x,2.577145512333333,0.7719062090388931
0,x,2.1478710641824423,0.8206761392050417
0,x,-4.195828165251828,0.6591603150973824
0,x,-2.3856166149829194,0.7585731231782842
0,x,13.511673292797711,0.11382537333849536
0,x,0.255407178125831,0.9785519527832905
0,x,21.06328029257533,0.04210846417197174
0,x,-12.15620295878137,0.08806403869773252
0,x,-3.7099581316985946,0.7870641079766807
0,x,0.4069315827993291,0.9648651624934728
0,x,-2.0686374476471667,0.8262432872881774
0,x,7.888332212775107,0.5221888076860872
0,x,-10.900698611895063,0.23895034392114473
0,x,2.116959733284366,0.7710031545420502
0,x,-3.73857528984829,0.6634671850877036
0,x,-10.842252787442744,0.1371522584487771
0,x,-6.602569232867001,0.5725094747145163
0,x,-8.613766814428917,0.3298231398950876
0,x,-3.49019235982657,0.7801012160895489
0,x,-2.1597746366582498,0.7782485421412523
0,x,-3.116172011062487,0.721825177210378
0,x,-13.731074038010886,0.11388158895326167
0,x,-0.2015191028967996,0.9777926755981595
0,x,-3.2502378433262367,0.758556258117703
0,x,-8.312863706775754,0.42745909294543105
0,x,10.38469357292174,0.4891501494002648
0,x,2.357434518505846,0.7501434264375879
0,x,3.9716827495006246,0.6874339309566428
1,x,7.531295082553176,0.46689944901690505
1,x,-8.726542714255691,0.24289828958774268
1,x,-9.264524769589809,0.4791992299397264
1,x,5.639663578943723,0.49739298122840414
1,x,4.119353597291767,0.693661661060408
1,x,10.56776188540273,0.26518912042087855
1,x,6.141491352019481,0.4590483359622358
1,x,2.3477707400883805,0.7683069056111012
1,x,6.25845056809913,0.4519486073706711
1,x,1.4592298813225306,0.9007344797241017
1,x,0.012198606642383831,0.9989281517712523
1,x,8.803268957656128,0.23188047489375746
1,x,-1.8826208546272336,0.8444064864458013
1,x,-8.165510625866355,0.40616858016423596
1,x,7.369706874214335,0.5458432528621531
1,x,13.075418171666154,0.21781263841592885
1,x,-6.058550147524046,0.5617834349888543
1,x,10.19726026721565,0.395759376506959
1,x,1.7610144021945255,0.8061343260047086
1,x,-11.359526013218485,0.30512978184527995
1,x,0.3816874140068828,0.9656292807694311
1,x,-4.837584651121131,0.5401729274801842
1,x,-1.9267547888692353,0.854314866787333
1,x,6.090698828846684,0.49020658922883475
1,x,1.5957987850903819,0.8893772130595559
1,x,0.07278044078574092,0.9937033267330013
1,x,-3.6614433805444864,0.6546585358021932
1,x,0.9100447818348762,0.9483943331965756
1,x,10.740581761374656,0.36109442446493123
1,x,-6.689445958283193,0.37285971596765854
1,x,-11.30541739603161,0.208196507564679
1,x,-8.93338885312878,0.3487946201161307
1,x,-16.21211262041767,0.11549281932415725
1,x,11.849063105813803,0.17711675945171057
1,x,25.63714963008987,0.005219541932642222
1,x,1.945249351100136,0.8494303961304536
1,x,-11.400948184756876,0.11879102326109614
1,x,-10.011269531412147,0.1698710934677004
1,x,5.525219298582331,0.468295548382764
1,x,-11.808459998056634,0.13734826404730072
1,x,-16.462912050392084,0.1873158284999481
1,x,2.7917161534525303,0.8135245880012735
1,x,8.550927277334145,0.39049113095099375
1,x,-1.9604141063333413,0.8030930179167186
1,x,7.515221837175117,0.44143282906480474
1,x,-2.076220953495153,0.8001295403791986
1,x,5.947942751068014,0.6547213172839697
1,x,-10.16562207265652,0.20152157004289795
1,x,3.7608699226335,0.5917594731326301
1,x,-4.172256862802356,0.6476631860676727
1,x,-7.770080654051649,0.40509052673663815
1,x,-2.6120193279277526,0.7464748693804569
1,x,-10.54392922008917,0.16320134245151302
1,x,4.493870088466275,0.7352895295595565
1,x,1.5794648530425734,0.8596082322529873
1,x,-2.4655666231545825,0.791699268328342
1,x,4.1496749376034705,0.6640709510946616
1,x,0.9061736077820194,0.9238917955528898
1,x,-16.978382091010115,0.14463338496311767
1,x,-8.751975828182573,0.4291645692569086
1,x,11.881017017364762,0.3837693048382962
1,x,-2.464290088611029,0.7062835409258057
1,x,10.11187464948143,0.16916868409578917
1,x,-15.848940543757289,0.13507282566514273
1,x,-1.1626323365729834,0.9003310697772092
1,x,7.3358287172206085,0.36061392027319916
1,x,12.845972837949889,0.04749115646936268
1,x,4.8199912616512846,0.49598514378596403
1,x,-3.18398633986325,0.7701052704401593
1,x,-2.144401052847789,0.8458018165593395
1,x,-3.1531993391300475,0.6519415777855522
1,x,-6.568125139286373,0.379563875965817
1,x,0.5941589200927262,0.9467710358483188
1,x,17.586600379462617,0.2529701186804338
1,x,-2.7822772663003894,0.7614206905994618
1,x,5.985394025586647,0.5722104084224562
1,x,-12.867464928025916,0.0997431573469177
1,x,17.698126407782404,0.04832161810277901
1,x,-9.230399023185665,0.30220608603840005
1,x,0.6282051693534919,0.9519786534900709
1,x,-12.407316059332224,0.18217026010976556
1,x,-6.062067113866234,0.4761603336839336
1,x,8.900931149458572,0.36232070021319185
1,x,8.686279092885668,0.3788410365859173
1,x,-0.5706821813285392,0.9567324564676636
1,x,15.003924524303757,0.024656922964855454
1,x,-13.235127106311944,0.09952330008591723
1,x,11.156638828702729,0.1222795676745265
1,x,-1.2011098604607686,0.9144871355914276
1,x,6.61873459564086,0.4127812547510976
1,x,-6.668950331077457,0.42913909462538824
1,x,1.7477066049318997,0.8507029552546637
1,x,9.483824207088789,0.31018858480663447
1,x,-3.003477212863609,0.776496469710968
1,x,-1.19383022089045,0.9080096116539804
1,x,11.760367240388716,0.2067426778197352
1,x,2.792942413968117,0.7750908269661279
1,x,11.165663513322336,0.38300178970759047
1,x,-2.0719526423146233,0.806839048330581
1,x,4.312324622402425,0.646176864380509
2,x,-4.021004492470208,0.5664967961042842
2,x,-19.212615743622358,0.07668735589059321
2,x,14.4142228248997,0.32573600565148353
2,x,-8.879063781372444,0.32140142633628577
2,x,1.514292807776958,0.8759821707855183
2,x,0.504648769346916,0.9665427738012042
2,x,0.36505789529961136,0.9672209870599897
2,x,1.571921783431172,0.8516935191877091
2,x,2.403890991608274,0.7933007123436049
2,x,-10.590480940801942,0.307763080353512
2,x,5.6301212818513,0.4719071016399534
2,x,-10.264831886157996,0.1460457942426089
2,x,-11.316686692694871,0.30555709567233724
2,x,-0.43328579046476046,0.9669385787548845
2,x,18.016451321528503,0.1494714221917442
2,x,5.938002839337842,0.3921820175448407
2,x,-9.31563376261398,0.27483502193357146
2,x,-5.678614394622601,0.6452211868882378
2,x,-0.5908525671294886,0.9619378939985324
2,x,1.4366428412479673,0.9066446677001896
2,x,-11.90010749812278,0.15145368933398376
2,x,18.760085408745173,0.007595002554474716
2,x,10.898151202588627,0.3594979586578223
2,x,-2.398256374125341,0.7344096977074264
2,x,9.772065665863765,0.2435545447107242
2,x,9.37622854459032,0.325074678894373
2,x,6.752073223246503,0.357021376379721
2,x,-1.7344750891964762,0.8167408757995731
2,x,12.699519989511588,0.15791910770532014
2,x,20.462224907311885,0.10059708754266278
2,x,-4.181457960640701,0.6588013322851702
2,x,0.11346709255210781,0.9894959850426558
2,x,-1.5240598272070314,0.8668650306982852
2,x,-4.678160195964908,0.568408903000575
2,x,-1.7131887804001358,0.8640193112325972
2,x,34.06355058315161,2.820094214018879e-4
2,x,3.086556558485559,0.7279667126933174
2,x,2.4422922137002523,0.7650106944583068
2,x,-8.74857149351834,0.42625734798514336
2,x,-5.550798628348156,0.5109885219175833
2,x,0.7932694009060041,0.9308191063572286
2,x,-7.061684929642997,0.5104054571127994
2,x,7.522668500542273,0.44862699696932595
2,x,6.525042301096813,0.32801384655013754
2,x,-13.435472149446795,0.177109006706459
2,x,7.01294187829658,0.43080284585869144
2,x,1.9755515713804872,0.8147507644356942
2,x,2.8806039155263186,0.7774108923706848
2,x,5.302653680298967,0.6831548169503601
2,x,2.1564398447512567,0.8430819903151892
2,x,14.791159822386232,0.06490970566483592
2,x,1.0588914026974967,0.90746199279786
2,x,13.248642048623688,0.13848494707836
2,x,9.104785832688846,0.45112781652696876
2,x,-1.4605271706627407,0.8449940276472763
2,x,3.5385133910318656,0.7258526716748501
2,x,6.380418322981614,0.48882271753004336
2,x,-2.0859641748173687,0.815963052750471
2,x,1.3628315204968389,0.9118508356800057
2,x,7.4541884166504735,0.41843357997922637
2,x,5.715556187032779,0.5562502156394309
2,x,9.62910732142467,0.36997323845765673
2,x,6.3361814741409646,0.5084803830532647
2,x,11.630038928175408,0.2927774321000889
2,x,2.6534781385474524,0.6696711231253336
2,x,-4.095579476004527,0.6622948477379624
2,x,2.038456285622379,0.7992603437533812
2,x,8.039344121125785,0.4282105796455902
2,x,-3.788755137596957,0.7360928378341386
2,x,3.2119413849737684,0.745961994882004
2,x,-5.007084897165795,0.5820505706513417
2,x,-10.372616923048838,0.274423888726864
2,x,4.406883310223006,0.6878614126693477
2,x,1.862182405208394,0.8347286426793008
2,x,-0.7132037554573017,0.9438702583489309
2,x,6.577723082423622,0.4837959384846434
2,x,-7.667581214626717,0.5181666033320299
2,x,0.6145838253574665,0.9414421117726554
2,x,6.241775631975724,0.5529369256094967
2,x,12.292580114284997,0.09928551443052235
2,x,9.481340743693632,0.3299885215547146
2,x,15.202703364966752,0.1327886999112163
2,x,5.203024611306927,0.46260784938686805
2,x,2.876342336105261,0.8087917551392271
2,x,0.3348700698138177,0.9661252721349634
2,x,4.725731684995711,0.720904591723877
2,x,11.695706196908887,0.13843018795741024
2,x,-0.09066923971280481,0.9922240887906416
2,x,4.118730480897972,0.6903952748683204
2,x,0.26495610280177523,0.976023853783898
2,x,9.633869494072615,0.2968379458375844
2,x,-13.015096650845317,0.14409902910912128
2,x,10.33539684292799,0.34698582877902096
2,x,-10.297721001376276,0.19324505695014316
2,x,-3.106526567739161,0.7522787404807629
2,x,12.170012194347704,0.07452573328224815
2,x,23.29500537743786,0.014054888396208921
2,x,-3.7411393431942166,0.6374564012483683
2,x,13.415321827266995,0.10629530355461937
2,x,9.520976679445118,0.21031532374859072
3,x,9.485244560412173,0.23132053613716225
3,x,5.720245014322696,0.625898513295488
3,x,1.2302818217953004,0.9056908933882717
3,x,-14.744725703669168,0.27394471854861313
3,x,7.465138401210382,0.32063940751335174
3,x,12.953997541827041,0.11127152011231711
3,x,-8.26021291395498,0.3184716774580221
3,x,24.393133822808252,0.06101369216898603
3,x,-2.3980075736520514,0.8067815285358583
3,x,9.8196832885784,0.48808169484755726
3,x,0.8712837213655442,0.9376879644772982
3,x,5.412738629529473,0.4989885378126043
3,x,-4.009469025058882,0.6234538573026038
3,x,1.2700003254337942,0.87395113093284
3,x,-0.0988772259678217,0.9889794413056157
3,x,-1.6945999097372293,0.8749639446728633
3,x,5.171372229102872,0.5165319487696541
3,x,-3.402358582611795,0.6890906680748163
3,x,-18.612342473013133,0.05699916679979836
3,x,-2.140064723538035,0.8259323084830993
3,x,10.371738532998076,0.1296953127689171
3,x,11.414020476743087,0.16426659138177044
3,x,0.4021121171372422,0.9628510817768193
3,x,-17.238676927361798,0.25344910068441345
3,x,0.773337533598949,0.9158858640581112
3,x,11.805274368669076,0.15755648661975102
3,x,11.612855609737286,0.27140869039197635
3,x,-10.007265356896598,0.2304120092818552
3,x,11.355964598221558,0.23915507046739976
3,x,-0.3641892487944407,0.9704540739471539
3,x,5.854986500480337,0.5751476349503059
3,x,-5.869594691313812,0.5431169837079823
3,x,-12.408138506727653,0.251598771129655
3,x,-0.8695668367547419,0.9317883621962255
3,x,2.5772168646689426,0.7640679961374448
3,x,2.60677881351884,0.7684932390930808
3,x,-4.419675153189307,0.6974399720883252
3,x,5.032411214577003,0.6072594137433028
3,x,-25.949589079219304,0.022486184926170882
3,x,1.8324144708672412,0.8531071627366901
3,x,-8.59207764406329,0.2042241933977723
3,x,4.690955273027912,0.6513227271156528
3,x,-5.511392920712762,0.5798615228595865
3,x,-12.968561809360423,0.13922582366814842
3,x,2.12109423995374,0.7959783488547627
3,x,1.397616133450042,0.8585727081387008
3,x,1.2558768252409103,0.8901807776443793
3,x,-4.029080698275923,0.6788676951006593
3,x,12.670585142319434,0.22105952634279377
3,x,13.170503134256922,0.09681184443794602
3,x,-7.224191716667598,0.4210832921223939
3,x,-3.314266825852447,0.7318825684068305
3,x,3.0346447510932966,0.7463706726635333
3,x,16.783407741800534,0.10119380784350962
3,x,9.834361543261071,0.3306909260451374
3,x,7.6501524422994995,0.4114127988446613
3,x,-7.890442884566669,0.3171461522985016
3,x,3.1909180741679424,0.7665093758341959
3,x,10.693953209177591,0.42187453583322143
3,x,9.133429621272299,0.4142730751818855
3,x,4.8245740805372845,0.6555786158933123
3,x,1.482938159253646,0.8713728763462372
3,x,11.386156695159112,0.26324214352955655
3,x,-4.69636749849172,0.6050011423210175
3,x,-18.33164759817559,0.047043976322864535
3,x,5.021570806737781,0.6242341676085654
3,x,16.209690381796097,0.2972915451278607
3,x,13.545222164301936,0.13583882149323412
3,x,14.887606522943074,0.09993006266807511
3,x,0.9642690894756959,0.929955087108037
3,x,10.182100851055093,0.44191136906059625
3,x,11.64814348465499,0.3877113750917056
3,x,17.041076675415542,0.0846531990640572
3,x,-4.4216262900590895,0.5467464612797063
3,x,-2.567731474011611,0.7875920250479661
3,x,-1.303752973941102,0.8794872936675937
3,x,0.6998372324291348,0.9038590990272034
3,x,7.49676610412697,0.2708510523669092
3,x,5.199514861953356,0.6828493750384654
3,x,6.114434340349002,0.44810786890409504
3,x,8.204512277317601,0.49165879803009316
3,x,-24.342231784681363,0.04323678609131927
3,x,0.5022520789981819,0.9553486516970721
3,x,-1.2612206556110657,0.8865017253836743
3,x,22.055124739923542,0.029748431514373876
3,x,6.662115472341081,0.560599460672939
3,x,9.6805938291745,0.3111109960959674
3,x,4.449075563344438,0.5570882645603901
3,x,-3.3897724453183633,0.7387830644201936
3,x,3.2213603395730748,0.704062792030404
3,x,8.063877559198716,0.49123878906296736
3,x,-9.935155643153909,0.2639820186343467
3,x,11.64818238806828,0.09769870243909799
3,x,8.390380189002299,0.43167803476385935
3,x,0.6082479892053434,0.9433780884426438
3,x,-2.1343993966886394,0.817936432489624
3,x,23.358281815741915,0.022317643652819068
3,x,14.740280024084633,0.08761136539189038
3,x,7.553118376620491,0.48526196995340476
3,x,-7.322246194517521,0.5111862189649761
4,x,8.593967621026817,0.3089713779799861
4,x,-0.6181655048992453,0.9687672770418577
4,x,7.592488958272024,0.4419168336351075
4,x,-13.591783883509203,0.0966966291560041
4,x,5.922624076365386,0.4695532511408279
4,x,1.0846153182509803,0.883245210621007
4,x,-1.5300064116230616,0.8846754566462239
4,x,13.177673039645644,0.3052358840237719
4,x,-1.4179977335331548,0.8741213458791219
4,x,-6.002675553658348,0.606019798349517
4,x,-15.247814621183624,0.14018023720492567
4,x,1.6678118680633822,0.8598610042693786
4,x,4.976342918483925,0.5851817477057644
4,x,4.753644199828274,0.66304013195600775
4,x,-15.387047296628927,0.13766598927348625
4,x,3.181966136203589,0.7806791079660591
4,x,-9.435763709794315,0.3054155039159356
4,x,3.665419684403635,0.7213833807107
4,x,4.022367150182817,0.7701627685410031
4,x,4.28304556664331,0.6507363039074759
4,x,6.09302333810291,0.5346389911328635
4,x,4.141899799533632,0.5996786661729157
4,x,6.982802914271408,0.5874117142107074
4,x,7.117764265075355,0.35378609087112833
4,x,-1.9927927855635814,0.734038433027975
4,x,-2.597060001625951,0.7540453337889664
4,x,1.663028940430749,0.8541340281180583
4,x,6.929288557702232,0.2992737213541734
4,x,10.4743037968282,0.2648690421118803
4,x,-5.582606823816456,0.5152066160108739
4,x,2.980782491965885,0.7336615347607316
4,x,-20.439258121070864,0.05842138754350219
4,x,-6.281127478863449,0.5861401772753134
4,x,10.706877298616911,0.26319332071654716
4,x,-7.185216584386381,0.43533289818756804
4,x,8.733654092857899,0.40060998832980355
4,x,-2.1873246067329952,0.7773192568866887
4,x,3.473608507259535,0.7316868742910694
4,x,9.00218049165308,0.3870092152148844
4,x,8.687718367800885,0.30596572488435747
4,x,0.7942845793210157,0.911172772893446
4,x,11.961674611441577,0.2614650664478752
4,x,-2.8473575188611435,0.8145838527882047
4,x,16.013525967546666,0.038354505493355506
4,x,1.4430828613430207,0.8829545798741577
4,x,4.6628670733589255,0.41849231583793167
4,x,6.768940391122829,0.4321984883567648
4,x,5.6735465086756065,0.6915211256636835
4,x,13.61031686279242,0.1144093487017176
4,x,0.20203316444393477,0.978199015283032
4,x,3.4815409436656273,0.7785158729680365
4,x,-7.7333238638232356,0.42153864686408715
4,x,-2.378394383800617,0.7295307191862723
4,x,-7.450621601567443,0.4412987082655958
4,x,5.043432572006823,0.5902506664694014
4,x,14.217849689882991,0.14356675759335477
4,x,19.08671725894986,0.041377911263012566
4,x,-2.5507827219489565,0.7828485239312872
4,x,-7.65168330474341,0.48455499415330006
4,x,-0.03622493613719754,0.9970282693023951
4,x,6.606841271229431,0.6042159737505166
4,x,5.613733267829308,0.5827880111643434
4,x,3.8600777986715538,0.6704351218332294
4,x,5.130228637825903,0.6381461937950481
4,x,2.3970597483613014,0.7550242458350072
4,x,8.364899693008203,0.39498467775035995
4,x,6.693413312090508,0.4833428871430394
4,x,9.68596054419338,0.41965955920951514
4,x,-14.723214530228889,0.11921144360035879
4,x,6.690959619385989,0.5042423801740081
4,x,9.378593394866371,0.2720185568215521
4,x,11.431746422295019,0.18679775915874477
4,x,1.2542529462440777,0.8913548638982898
4,x,-8.010899266782907,0.3370013468489512
4,x,-1.9005754286387075,0.8344468618061853
4,x,-10.65344123321466,0.13780371447724704
4,x,12.020304381486401,0.2574804506307363
4,x,7.501923993403658,0.3484034891586115
4,x,-7.243988672845222,0.5686181171365476
4,x,-0.2880422985425622,0.9788751793283132
4,x,-5.965395910461058,0.5330730897574754
4,x,2.8334945865779235,0.7276532148732465
4,x,0.29255796807664497,0.9754213920713566
4,x,-1.8737665780444597,0.8518066294423048
4,x,3.195983635214802,0.6987217825981618
4,x,15.314338645218447,0.01872836398810325
4,x,7.91143328259022,0.33256756765396955
4,x,-2.5828171004493767,0.7849488844309808
4,x,2.902540657364104,0.6423885597850658
4,x,0.2959435902605671,0.9639536397076043
4,x,20.107650430332132,0.03309193187094305
4,x,-4.850071605406991,0.5204523214404535
4,x,3.426745449137258,0.6609395151581063
4,x,-2.775578999014955,0.7896625157905257
4,x,-11.176420843110353,0.2958414443449184
4,x,10.262577356585874,0.33312022294943955
4,x,1.372618262593264,0.8808398901612027
4,x,21.5355240722835,0.06716143241348846
4,x,9.838627569525611,0.3038502656101769
4,x,13.9885788166326,0.2325213220390334
5,x,14.550847737721508,0.12077600303904232
5,x,4.3070746538065405,0.5665523319904835
5,x,14.85818005471493,0.14912050108522854
5,x,10.622042942653483,0.3530708771266139
5,x,2.3178232372398853,0.7597227785588947
5,x,15.124890525678426,0.23545094118668386
5,x,21.767282800451326,0.01182571221115982
5,x,15.3042286864369,0.08596985620968949
5,x,8.20532944359787,0.41440574824794696
5,x,-3.945558388415442,0.560581051113147
5,x,4.995402668043918,0.6089984956418736
5,x,7.97174203472119,0.5096920734884867
5,x,8.74790122094058,0.3164551752461367
5,x,3.7148917258218437,0.6296964090701429
5,x,8.894762005129552,0.3175993149751779
5,x,5.5016913208514495,0.5636355123463743
5,x,-6.088634157538401,0.4331687583318973
5,x,4.923898838694891,0.6199003169529681
5,x,-3.533967886867292,0.7441184186807397
5,x,-2.5711603261331866,0.7374127466729639
5,x,3.032015204157518,0.6383308575223625
5,x,1.727097756393573,0.9195385245126512
5,x,16.998761404383412,0.10972912918396407
5,x,23.05066927280506,0.01133107164995366
5,x,3.2944239328110663,0.7674578547976163
5,x,7.9531223047567075,0.4070478549064013
5,x,-6.002858582356971,0.5532625791770407
5,x,14.475706712597267,0.1547163341076955
5,x,4.9997600170348235,0.48541086696392877
5,x,-3.0572800399983087,0.7347826192658137
5,x,3.5472486549160576,0.7049477637521815
5,x,19.313717956346053,0.13207370859731118
5,x,-8.01140434993266,0.4706520865046415
5,x,8.628634154858958,0.19136393582678357
5,x,18.193038026449923,0.07094918698425418
5,x,7.0161972759236955,0.4545501797519861
5,x,-9.138179563190501,0.5159588621762763
5,x,-0.05906969407795838,0.9933937170661298
5,x,1.8887123914683328,0.8460398360473932
5,x,29.811454055572355,0.023071318034450228
5,x,4.322631319863808,0.6297376092116975
5,x,-19.73850035894636,0.02857029241862582
5,x,2.142439761020604,0.8224125582032034
5,x,2.7441861397585043,0.7714929344198393
5,x,10.635811119087426,0.2135755240234998
5,x,14.312307170108184,0.19208725937190474
5,x,-17.409483536606462,0.06189048133513656
5,x,-2.049703707044408,0.8062922207112531
5,x,-1.8129312492940268,0.8147793343042842
5,x,0.2339598403798083,0.985083491438846
5,x,1.1552850536213588,0.901967158241236
5,x,-12.76913407208168,0.31270830545825146
5,x,14.194538299661822,0.1124487996811004
5,x,-8.01337534139751,0.5034611491330199
5,x,-4.705766916263198,0.5897260939234863
5,x,3.543341925131206,0.6494100985989073
5,x,6.937014911173597,0.4870538805748511
5,x,6.262420940926949,0.5404010206969411
5,x,-4.7999335042467415,0.5232167086806945
5,x,15.606799729317652,0.1572736309444524
5,x,18.28002709549276,0.07105517563276001
5,x,-3.5254348026460667,0.6632374020119127
5,x,-17.347033658053327,0.2402942162180967
5,x,-0.06105041869671657,0.9892682748539974
5,x,4.635284287581262,0.6437962691660237
5,x,4.498150577770309,0.6013222309649353
5,x,-13.092365016106895,0.2118438227409233
5,x,14.187838775252866,0.21175244159425596
5,x,3.416017892051876,0.6165135147833823
5,x,17.326201669490526,0.1693138721673455
5,x,1.164173957195646,0.8838550220896886
5,x,-0.07250519730947706,0.9945283554838777
5,x,-3.1442798695419625,0.6718612709970688
5,x,-10.03212075760886,0.19985666097778432
5,x,12.423822713579124,0.27869732721516616
5,x,28.48185402428957,0.07278112100194026
5,x,10.900033337868214,0.13790663824075988
5,x,9.82618810557212,0.2527421432173526
5,x,4.487409358256254,0.6970586738425666
5,x,-3.4473511488892044,0.6889023506695015
5,x,9.04063311416971,0.2954642494084992
5,x,21.743513792131882,0.020657718752572118
5,x,-16.565088520131745,0.19145508618483525
5,x,17.9657537896722,0.1047521268294602
5,x,1.5675885406764147,0.8624654104744115
5,x,29.796209553396263,0.005671238448346417
5,x,8.746323791104064,0.26570187910605625
5,x,3.035171002541447,0.5930774168275431
5,x,-1.054832438606554,0.9229757860081782
5,x,-0.6042578792152592,0.9609545000524057
5,x,2.566041422102375,0.7340427251862252
5,x,-8.919262766943902,0.30430628008069927
5,x,-1.2492809545253591,0.9105775292314351
5,x,10.848815641924393,0.31716253692917007
5,x,-2.7802992584987942,0.7666361014208849
5,x,5.232160946802129,0.5622048436590976
5,x,4.406722463471434,0.5822958265089057
5,x,-3.3931784755356387,0.7909831049554259
5,x,-23.432060069268843,0.014402422614996763
5,x,-3.253723934340754,0.7757371317057314
6,x,19.067391026408764,0.022668735723777114
6,x,18.313236532771526,0.08784736729243482
6,x,-1.1341236857071306,0.9255306230845741
6,x,0.7669293717645603,0.9236266359289997
6,x,9.729982062776603,0.38908401057499065
6,x,12.40208177616844,0.02884692330991173
6,x,-2.5373441981947087,0.7910743738911912
6,x,4.119531218583408,0.7412251485053548
6,x,5.025032347237197,0.6169460015517794
6,x,8.592694995265587,0.3256886355912928
6,x,18.69909719103601,0.12771300285102277
6,x,1.0789775562822235,0.9161765188568269
6,x,-1.0806642782534661,0.8869473846248684
6,x,-2.361262565340019,0.823031184045073
6,x,10.131691914131517,0.4003086745328053
6,x,-0.8392358404869333,0.944203084467743
6,x,10.053295489592198,0.2574947850027886
6,x,-5.190472430426941,0.5965778639976875
6,x,0.16240336527929594,0.9863210695156572
6,x,17.99618913116111,0.03863783647974015
6,x,7.397381889801076,0.4272777834812975
6,x,-3.6134763829875567,0.6651095999093353
6,x,-0.5737034952646977,0.9464413126833633
6,x,9.429596407136545,0.34211057257451993
6,x,-0.7191519311778258,0.9257456536045008
6,x,10.075136125887317,0.3731929405639476
6,x,3.254552829967494,0.718592470802954
6,x,3.8335125730149096,0.6528006654998502
6,x,11.295221851133784,0.1306404968569862
6,x,-8.911303861336041,0.43046943496422774
6,x,11.281010097105698,0.3313077575033959
6,x,11.436179285446556,0.08228633467139786
6,x,2.6581913070510512,0.7876049341524008
6,x,24.64540831399691,0.004768848415396955
6,x,-9.347371975348285,0.3934479364780682
6,x,5.224213200351374,0.748187745112884
6,x,6.9799070669855645,0.48360159645651224
6,x,9.390156092812335,0.3184822578919595
6,x,-3.31844181089445,0.7036677166799881
6,x,17.00719871200262,0.11903461763478139
6,x,-2.6253743313255278,0.7511450852860018
6,x,-2.18910278480515,0.8576908337882158
6,x,2.130091348756703,0.8238356695558529
6,x,-7.900971195979562,0.33242912966633986
6,x,17.54526343557621,0.07535343265210523
6,x,2.050239193663304,0.8439151801482978
6,x,7.6581276290721725,0.3182467600704226
6,x,-0.14425966768683435,0.9846330079293696
6,x,4.830930400387765,0.7329905088068245
6,x,-7.554585751938966,0.39412619584154873
6,x,18.094515245464127,0.08563812969760688
6,x,26.830063095675992,0.03173775227802698
6,x,19.591275519074944,0.029501555232092438
6,x,-21.086370297629088,0.00424150834206066
6,x,10.771688371212852,0.13292380179645097
6,x,8.386539539181804,0.5192464148888573
6,x,8.9303886616728,0.36342855867685364
6,x,17.584387271247135,0.05729406590831837
6,x,-20.578687080088464,0.0410191680830884
6,x,4.4018733402134105,0.6025217487956194
6,x,1.4279332783873264,0.882661490213901
6,x,-6.7041568697197915,0.3823973816066165
6,x,6.03211001154835,0.45418382455166073
6,x,2.5919383438132564,0.8076809145330965
6,x,8.999298973769868,0.40782035120420923
6,x,11.465897918052878,0.2564575529927009
6,x,12.499751268985623,0.3079553938879365
6,x,5.748676060072695,0.5249537662458643
6,x,26.407086076936658,0.023172479002464687
6,x,1.4470770450735964,0.8890714553822264
6,x,17.350347448641774,0.03173146715061667
6,x,9.06413213734057,0.4127043963782404
6,x,12.28663446794162,0.04494414786472296
6,x,-3.555665755980914,0.6555925771139014
6,x,-0.27814723956626247,0.9694223313176105
6,x,4.729044522821914,0.6224426937521089
6,x,24.896420085381656,0.021414365757697423
6,x,0.2886190874778894,0.9779473020504703
6,x,7.287382003632074,0.30304573941265567
6,x,6.447890942529619,0.5337367325519597
6,x,10.512980820638148,0.17128083784661685
6,x,-5.609774396714841,0.5255338886583937
6,x,19.04668437108049,0.04105301196502852
6,x,4.540503567710873,0.6658876964058908
6,x,6.546570610556285,0.5153417556093214
6,x,2.008134744170033,0.7934538974820791
6,x,-3.215954761325299,0.7071323035217052
6,x,5.989784613609359,0.36225050185995233
6,x,23.602310536023218,0.07750722095702924
6,x,7.349180698892031,0.34032606420075984
6,x,9.124227473433884,0.29230680492670563
6,x,-3.648289801371729,0.7242934477198761
6,x,1.2152640278087283,0.9098894328651573
6,x,13.903747730908124,0.1371925915937883
6,x,-2.6083106913613188,0.7433494566499209
6,x,10.657744968091965,0.11101019347613067
6,x,-0.6269443210659722,0.9463177292425613
6,x,2.5614565545884456,0.7729146862195166
6,x,-9.938660685423084,0.5119697635316187
6,x,-0.3632624063190002,0.9717763838390684
